Workbook

Sheet Tarefas
A1: Controlo de progresso – Projeto POO: Gestão de Reservas de Espaços Desportivos
A2: Grupo: Dinis Alves (pv28377), João Silva (pv27638), Lara Pereira (pv33163). Células a azul = a preencher/atualizar pelo grupo; fórmulas a preto.
A4: ID | B4: Entrega | C4: Tarefa | D4: Responsável | E4: Colaboradores | F4: Início previsto | G4: Fim previsto | H4: Fim real | I4: % execução | J4: Estado | K4: Notas
A5: T01 | B5: E1 | C5: Criar repositório de código-fonte no GitHub | D5: João Silva | E5: =IF(D5="Todos","Dinis Alves, João Silva, Lara Pereira",IF(D5="Dinis Alves","João Silva, Lara Pereira",IF(D5="João Silva","Dinis Alves, Lara Pereira","Dinis Alves, João Silva"))) -> Dinis Alves, Lara Pereira | F5: 46302 | G5: 46302 | H5: 46302 | I5: 1 | J5: =IF(I5>=1,"Concluída",IF(I5>0,"Em curso","Por iniciar")) -> Concluída | K5: Repositório SilvaCDC297/ProjetoPOO criado (README inicial).
A6: T02 | B6: E1 | C6: Adicionar membros do grupo e docentes como colaboradores | D6: João Silva | E6: =IF(D6="Todos","Dinis Alves, João Silva, Lara Pereira",IF(D6="Dinis Alves","João Silva, Lara Pereira",IF(D6="João Silva","Dinis Alves, Lara Pereira","Dinis Alves, João Silva"))) -> Dinis Alves, Lara Pereira | F6: 46302 | G6: 46307 | I6: 1 | J6: =IF(I6>=1,"Concluída",IF(I6>0,"Em curso","Por iniciar")) -> Concluída | K6: A confirmar no GitHub (Settings > Collaborators).
A7: T03 | B7: E1 | C7: Descrição dos casos de uso (UC01–UC22) e regras de negócio | D7: Lara Pereira | E7: =IF(D7="Todos","Dinis Alves, João Silva, Lara Pereira",IF(D7="Dinis Alves","João Silva, Lara Pereira",IF(D7="João Silva","Dinis Alves, Lara Pereira","Dinis Alves, João Silva"))) -> Dinis Alves, João Silva | F7: 46303 | G7: 46308 | I7: 0.8 | J7: =IF(I7>=1,"Concluída",IF(I7>0,"Em curso","Por iniciar")) -> Em curso | K7: Rascunho pronto; falta revisão do grupo.
A8: T04 | B8: E1 | C8: Protótipos das interfaces de utilizador (P01–P10) | D8: Dinis Alves | E8: =IF(D8="Todos","Dinis Alves, João Silva, Lara Pereira",IF(D8="Dinis Alves","João Silva, Lara Pereira",IF(D8="João Silva","Dinis Alves, Lara Pereira","Dinis Alves, João Silva"))) -> João Silva, Lara Pereira | F8: 46303 | G8: 46308 | I8: 0.8 | J8: =IF(I8>=1,"Concluída",IF(I8>0,"Em curso","Por iniciar")) -> Em curso | K8: Rascunho pronto; falta revisão do grupo.
A9: T05 | B9: E1 | C9: Diagrama UML de casos de uso (PlantUML + PNG) | D9: João Silva | E9: =IF(D9="Todos","Dinis Alves, João Silva, Lara Pereira",IF(D9="Dinis Alves","João Silva, Lara Pereira",IF(D9="João Silva","Dinis Alves, Lara Pereira","Dinis Alves, João Silva"))) -> Dinis Alves, Lara Pereira | F9: 46303 | G9: 46307 | I9: 0.8 | J9: =IF(I9>=1,"Concluída",IF(I9>0,"Em curso","Por iniciar")) -> Em curso | K9: Rascunho pronto; falta revisão do grupo.
A10: T06 | B10: E1 | C10: Diagramas UML de classes (domínio, arquitetura, exceções) | D10: Dinis Alves | E10: =IF(D10="Todos","Dinis Alves, João Silva, Lara Pereira",IF(D10="Dinis Alves","João Silva, Lara Pereira",IF(D10="João Silva","Dinis Alves, Lara Pereira","Dinis Alves, João Silva"))) -> João Silva, Lara Pereira | F10: 46303 | G10: 46308 | I10: 0.8 | J10: =IF(I10>=1,"Concluída",IF(I10>0,"Em curso","Por iniciar")) -> Em curso | K10: Rascunho pronto; falta revisão do grupo.
A11: T07 | B11: E1 | C11: Diagramas UML de sequência (registo, login, reservas, relatório) | D11: Lara Pereira | E11: =IF(D11="Todos","Dinis Alves, João Silva, Lara Pereira",IF(D11="Dinis Alves","João Silva, Lara Pereira",IF(D11="João Silva","Dinis Alves, Lara Pereira","Dinis Alves, João Silva"))) -> Dinis Alves, João Silva | F11: 46303 | G11: 46308 | I11: 0.8 | J11: =IF(I11>=1,"Concluída",IF(I11>0,"Em curso","Por iniciar")) -> Em curso | K11: Rascunho pronto; falta revisão do grupo.
A12: T08 | B12: E1 | C12: Revisão cruzada: coerência entre casos de uso, UML e protótipos | D12: Todos | E12: =IF(D12="Todos","Dinis Alves, João Silva, Lara Pereira",IF(D12="Dinis Alves","João Silva, Lara Pereira",IF(D12="João Silva","Dinis Alves, Lara Pereira","Dinis Alves, João Silva"))) -> Dinis Alves, João Silva, Lara Pereira | F12: 46308 | G12: 46309 | I12: 1 | J12: =IF(I12>=1,"Concluída",IF(I12>0,"Em curso","Por iniciar")) -> Concluída
A13: T09 | B13: E1 | C13: Preparar ficheiro de controlo de progresso | D13: Lara Pereira | E13: =IF(D13="Todos","Dinis Alves, João Silva, Lara Pereira",IF(D13="Dinis Alves","João Silva, Lara Pereira",IF(D13="João Silva","Dinis Alves, Lara Pereira","Dinis Alves, João Silva"))) -> Dinis Alves, João Silva | F13: 46303 | G13: 46309 | I13: 0.7 | J13: =IF(I13>=1,"Concluída",IF(I13>0,"Em curso","Por iniciar")) -> Em curso | K13: Modelo inicial preenchido; atualizar semanalmente.
A14: T10 | B14: E1 | C14: Montar ZIP da Entrega 1 (DA_JS_LP.zip) e submeter | D14: Lara Pereira | E14: =IF(D14="Todos","Dinis Alves, João Silva, Lara Pereira",IF(D14="Dinis Alves","João Silva, Lara Pereira",IF(D14="João Silva","Dinis Alves, Lara Pereira","Dinis Alves, João Silva"))) -> Dinis Alves, João Silva | F14: 46309 | G14: 46310 | I14: 0 | J14: =IF(I14>=1,"Concluída",IF(I14>0,"Em curso","Por iniciar")) -> Por iniciar | K14: Prazo: 15/10/2026 23:59.
A15: T11 | B15: E2 | C15: Estrutura inicial do projeto (pastas, .gitignore, README, branches) | D15: João Silva | E15: =IF(D15="Todos","Dinis Alves, João Silva, Lara Pereira",IF(D15="Dinis Alves","João Silva, Lara Pereira",IF(D15="João Silva","Dinis Alves, Lara Pereira","Dinis Alves, João Silva"))) -> Dinis Alves, Lara Pereira | F15: 46311 | G15: 46315 | I15: 0 | J15: =IF(I15>=1,"Concluída",IF(I15>0,"Em curso","Por iniciar")) -> Por iniciar
A16: T12 | B16: E2 | C16: Esqueleto: enumerações, Utilizador, Administrador, UtilizadorNormal | D16: Lara Pereira | E16: =IF(D16="Todos","Dinis Alves, João Silva, Lara Pereira",IF(D16="Dinis Alves","João Silva, Lara Pereira",IF(D16="João Silva","Dinis Alves, Lara Pereira","Dinis Alves, João Silva"))) -> Dinis Alves, João Silva | F16: 46314 | G16: 46321 | I16: 0 | J16: =IF(I16>=1,"Concluída",IF(I16>0,"Em curso","Por iniciar")) -> Por iniciar
A17: T13 | B17: E2 | C17: Esqueleto: EspacoDesportivo, subclasses e Equipamento | D17: Dinis Alves | E17: =IF(D17="Todos","Dinis Alves, João Silva, Lara Pereira",IF(D17="Dinis Alves","João Silva, Lara Pereira",IF(D17="João Silva","Dinis Alves, Lara Pereira","Dinis Alves, João Silva"))) -> João Silva, Lara Pereira | F17: 46314 | G17: 46321 | I17: 0 | J17: =IF(I17>=1,"Concluída",IF(I17>0,"Em curso","Por iniciar")) -> Por iniciar
A18: T14 | B18: E2 | C18: Esqueleto: Reserva e transições de estado | D18: João Silva | E18: =IF(D18="Todos","Dinis Alves, João Silva, Lara Pereira",IF(D18="Dinis Alves","João Silva, Lara Pereira",IF(D18="João Silva","Dinis Alves, Lara Pereira","Dinis Alves, João Silva"))) -> Dinis Alves, Lara Pereira | F18: 46315 | G18: 46322 | I18: 0 | J18: =IF(I18>=1,"Concluída",IF(I18>0,"Em curso","Por iniciar")) -> Por iniciar
A19: T15 | B19: E2 | C19: Esqueleto: hierarquia de exceções | D19: Lara Pereira | E19: =IF(D19="Todos","Dinis Alves, João Silva, Lara Pereira",IF(D19="Dinis Alves","João Silva, Lara Pereira",IF(D19="João Silva","Dinis Alves, Lara Pereira","Dinis Alves, João Silva"))) -> Dinis Alves, João Silva | F19: 46321 | G19: 46325 | I19: 0 | J19: =IF(I19>=1,"Concluída",IF(I19>0,"Em curso","Por iniciar")) -> Por iniciar
A20: T16 | B20: E2 | C20: Esqueleto: gestores, repositórios (interface) e configuração | D20: Dinis Alves | E20: =IF(D20="Todos","Dinis Alves, João Silva, Lara Pereira",IF(D20="Dinis Alves","João Silva, Lara Pereira",IF(D20="João Silva","Dinis Alves, Lara Pereira","Dinis Alves, João Silva"))) -> João Silva, Lara Pereira | F20: 46322 | G20: 46328 | I20: 0 | J20: =IF(I20>=1,"Concluída",IF(I20>0,"Em curso","Por iniciar")) -> Por iniciar
A21: T17 | B21: E2 | C21: Revisão, merge e atualização do controlo de progresso | D21: Todos | E21: =IF(D21="Todos","Dinis Alves, João Silva, Lara Pereira",IF(D21="Dinis Alves","João Silva, Lara Pereira",IF(D21="João Silva","Dinis Alves, Lara Pereira","Dinis Alves, João Silva"))) -> Dinis Alves, João Silva, Lara Pereira | F21: 46329 | G21: 46330 | I21: 0 | J21: =IF(I21>=1,"Concluída",IF(I21>0,"Em curso","Por iniciar")) -> Por iniciar
A22: T18 | B22: E2 | C22: Montar ZIP da Entrega 2 e submeter | D22: João Silva | E22: =IF(D22="Todos","Dinis Alves, João Silva, Lara Pereira",IF(D22="Dinis Alves","João Silva, Lara Pereira",IF(D22="João Silva","Dinis Alves, Lara Pereira","Dinis Alves, João Silva"))) -> Dinis Alves, Lara Pereira | F22: 46330 | G22: 46331 | I22: 0 | J22: =IF(I22>=1,"Concluída",IF(I22>0,"Em curso","Por iniciar")) -> Por iniciar | K22: Prazo: 05/11/2026 23:59.
A23: T19 | B23: E3 | C23: Lógica de utilizadores e espaços na consola | D23: Lara Pereira | E23: =IF(D23="Todos","Dinis Alves, João Silva, Lara Pereira",IF(D23="Dinis Alves","João Silva, Lara Pereira",IF(D23="João Silva","Dinis Alves, Lara Pereira","Dinis Alves, João Silva"))) -> Dinis Alves, João Silva | F23: 46332 | G23: 46339 | I23: 0 | J23: =IF(I23>=1,"Concluída",IF(I23>0,"Em curso","Por iniciar")) -> Por iniciar
A24: T20 | B24: E3 | C24: Lógica de reservas, validações e deteção de conflitos | D24: João Silva | E24: =IF(D24="Todos","Dinis Alves, João Silva, Lara Pereira",IF(D24="Dinis Alves","João Silva, Lara Pereira",IF(D24="João Silva","Dinis Alves, Lara Pereira","Dinis Alves, João Silva"))) -> Dinis Alves, Lara Pereira | F24: 46332 | G24: 46343 | I24: 0 | J24: =IF(I24>=1,"Concluída",IF(I24>0,"Em curso","Por iniciar")) -> Por iniciar
A25: T21 | B25: E3 | C25: Persistência em ficheiros JSON e verificação de consistência | D25: Dinis Alves | E25: =IF(D25="Todos","Dinis Alves, João Silva, Lara Pereira",IF(D25="Dinis Alves","João Silva, Lara Pereira",IF(D25="João Silva","Dinis Alves, Lara Pereira","Dinis Alves, João Silva"))) -> João Silva, Lara Pereira | F25: 46335 | G25: 46346 | I25: 0 | J25: =IF(I25>=1,"Concluída",IF(I25>0,"Em curso","Por iniciar")) -> Por iniciar
A26: T22 | B26: E3 | C26: Agendador: expirar pendentes e concluir terminadas | D26: João Silva | E26: =IF(D26="Todos","Dinis Alves, João Silva, Lara Pereira",IF(D26="Dinis Alves","João Silva, Lara Pereira",IF(D26="João Silva","Dinis Alves, Lara Pereira","Dinis Alves, João Silva"))) -> Dinis Alves, Lara Pereira | F26: 46344 | G26: 46353 | I26: 0 | J26: =IF(I26>=1,"Concluída",IF(I26>0,"Em curso","Por iniciar")) -> Por iniciar
A27: T23 | B27: E3 | C27: Integração do tratamento de exceções | D27: Lara Pereira | E27: =IF(D27="Todos","Dinis Alves, João Silva, Lara Pereira",IF(D27="Dinis Alves","João Silva, Lara Pereira",IF(D27="João Silva","Dinis Alves, Lara Pereira","Dinis Alves, João Silva"))) -> Dinis Alves, João Silva | F27: 46342 | G27: 46349 | I27: 0 | J27: =IF(I27>=1,"Concluída",IF(I27>0,"Em curso","Por iniciar")) -> Por iniciar
A28: T24 | B28: E3 | C28: Interface web: autenticação e perfil | D28: Dinis Alves | E28: =IF(D28="Todos","Dinis Alves, João Silva, Lara Pereira",IF(D28="Dinis Alves","João Silva, Lara Pereira",IF(D28="João Silva","Dinis Alves, Lara Pereira","Dinis Alves, João Silva"))) -> João Silva, Lara Pereira | F28: 46342 | G28: 46351 | I28: 0 | J28: =IF(I28>=1,"Concluída",IF(I28>0,"Em curso","Por iniciar")) -> Por iniciar
A29: T25 | B29: E3 | C29: Interface web: gestão de espaços e equipamentos | D29: Lara Pereira | E29: =IF(D29="Todos","Dinis Alves, João Silva, Lara Pereira",IF(D29="Dinis Alves","João Silva, Lara Pereira",IF(D29="João Silva","Dinis Alves, Lara Pereira","Dinis Alves, João Silva"))) -> Dinis Alves, João Silva | F29: 46349 | G29: 46357 | I29: 0 | J29: =IF(I29>=1,"Concluída",IF(I29>0,"Em curso","Por iniciar")) -> Por iniciar
A30: T26 | B30: E3 | C30: Interface web: reservas (criar, consultar, alterar, cancelar, confirmar) | D30: João Silva | E30: =IF(D30="Todos","Dinis Alves, João Silva, Lara Pereira",IF(D30="Dinis Alves","João Silva, Lara Pereira",IF(D30="João Silva","Dinis Alves, Lara Pereira","Dinis Alves, João Silva"))) -> Dinis Alves, Lara Pereira | F30: 46349 | G30: 46358 | I30: 0 | J30: =IF(I30>=1,"Concluída",IF(I30>0,"Em curso","Por iniciar")) -> Por iniciar
A31: T27 | B31: E3 | C31: Relatórios e gráficos | D31: Dinis Alves | E31: =IF(D31="Todos","Dinis Alves, João Silva, Lara Pereira",IF(D31="Dinis Alves","João Silva, Lara Pereira",IF(D31="João Silva","Dinis Alves, Lara Pereira","Dinis Alves, João Silva"))) -> João Silva, Lara Pereira | F31: 46351 | G31: 46360 | I31: 0 | J31: =IF(I31>=1,"Concluída",IF(I31>0,"Em curso","Por iniciar")) -> Por iniciar
A32: T28 | B32: E3 | C32: Testes integrados e correção de erros | D32: Todos | E32: =IF(D32="Todos","Dinis Alves, João Silva, Lara Pereira",IF(D32="Dinis Alves","João Silva, Lara Pereira",IF(D32="João Silva","Dinis Alves, Lara Pereira","Dinis Alves, João Silva"))) -> Dinis Alves, João Silva, Lara Pereira | F32: 46358 | G32: 46364 | I32: 0 | J32: =IF(I32>=1,"Concluída",IF(I32>0,"Em curso","Por iniciar")) -> Por iniciar
A33: T29 | B33: E3 | C33: Montar ZIP da Entrega 3 e submeter | D33: Dinis Alves | E33: =IF(D33="Todos","Dinis Alves, João Silva, Lara Pereira",IF(D33="Dinis Alves","João Silva, Lara Pereira",IF(D33="João Silva","Dinis Alves, Lara Pereira","Dinis Alves, João Silva"))) -> João Silva, Lara Pereira | F33: 46364 | G33: 46365 | I33: 0 | J33: =IF(I33>=1,"Concluída",IF(I33>0,"Em curso","Por iniciar")) -> Por iniciar | K33: Prazo: 09/12/2026 23:59.
A34: T30 | B34: E4 | C34: Documentar e comentar o código-fonte | D34: Todos | E34: =IF(D34="Todos","Dinis Alves, João Silva, Lara Pereira",IF(D34="Dinis Alves","João Silva, Lara Pereira",IF(D34="João Silva","Dinis Alves, Lara Pereira","Dinis Alves, João Silva"))) -> Dinis Alves, João Silva, Lara Pereira | F34: 46366 | G34: 46373 | I34: 0 | J34: =IF(I34>=1,"Concluída",IF(I34>0,"Em curso","Por iniciar")) -> Por iniciar
A35: T31 | B35: E4 | C35: Slides da apresentação (PowerPoint) | D35: Lara Pereira | E35: =IF(D35="Todos","Dinis Alves, João Silva, Lara Pereira",IF(D35="Dinis Alves","João Silva, Lara Pereira",IF(D35="João Silva","Dinis Alves, Lara Pereira","Dinis Alves, João Silva"))) -> Dinis Alves, João Silva | F35: 46366 | G35: 46372 | I35: 0 | J35: =IF(I35>=1,"Concluída",IF(I35>0,"Em curso","Por iniciar")) -> Por iniciar
A36: T32 | B36: E4 | C36: Vídeo da apresentação (MPEG-4) | D36: Dinis Alves | E36: =IF(D36="Todos","Dinis Alves, João Silva, Lara Pereira",IF(D36="Dinis Alves","João Silva, Lara Pereira",IF(D36="João Silva","Dinis Alves, Lara Pereira","Dinis Alves, João Silva"))) -> João Silva, Lara Pereira | F36: 46372 | G36: 46375 | I36: 0 | J36: =IF(I36>=1,"Concluída",IF(I36>0,"Em curso","Por iniciar")) -> Por iniciar
A37: T33 | B37: E4 | C37: Vídeo da demonstração (MPEG-4) | D37: João Silva | E37: =IF(D37="Todos","Dinis Alves, João Silva, Lara Pereira",IF(D37="Dinis Alves","João Silva, Lara Pereira",IF(D37="João Silva","Dinis Alves, Lara Pereira","Dinis Alves, João Silva"))) -> Dinis Alves, Lara Pereira | F37: 46372 | G37: 46375 | I37: 0 | J37: =IF(I37>=1,"Concluída",IF(I37>0,"Em curso","Por iniciar")) -> Por iniciar
A38: T34 | B38: E4 | C38: Montar ZIP da Entrega 4 e submeter | D38: Lara Pereira | E38: =IF(D38="Todos","Dinis Alves, João Silva, Lara Pereira",IF(D38="Dinis Alves","João Silva, Lara Pereira",IF(D38="João Silva","Dinis Alves, Lara Pereira","Dinis Alves, João Silva"))) -> Dinis Alves, João Silva | F38: 46376 | G38: 46377 | I38: 0 | J38: =IF(I38>=1,"Concluída",IF(I38>0,"Em curso","Por iniciar")) -> Por iniciar | K38: Prazo: 21/12/2026 23:59.
A39: T35 | B39: E5 | C39: Revisão final de todas as entregas e correção do funcionamento | D39: Todos | E39: =IF(D39="Todos","Dinis Alves, João Silva, Lara Pereira",IF(D39="Dinis Alves","João Silva, Lara Pereira",IF(D39="João Silva","Dinis Alves, Lara Pereira","Dinis Alves, João Silva"))) -> Dinis Alves, João Silva, Lara Pereira | F39: 46377 | G39: 46378 | I39: 0 | J39: =IF(I39>=1,"Concluída",IF(I39>0,"Em curso","Por iniciar")) -> Por iniciar
A40: T36 | B40: E5 | C40: Montar ZIP da Entrega Completa (E0–E8) e submeter | D40: João Silva | E40: =IF(D40="Todos","Dinis Alves, João Silva, Lara Pereira",IF(D40="Dinis Alves","João Silva, Lara Pereira",IF(D40="João Silva","Dinis Alves, Lara Pereira","Dinis Alves, João Silva"))) -> Dinis Alves, Lara Pereira | F40: 46378 | G40: 46379 | I40: 0 | J40: =IF(I40>=1,"Concluída",IF(I40>0,"Em curso","Por iniciar")) -> Por iniciar | K40: Prazo: 23/12/2026 23:59.

Sheet Resumo por entrega
A1: Resumo do progresso por entrega
A3: Entrega | B3: Descrição | C3: Prazo | D3: Peso na nota final | E3: Nº tarefas | F3: Concluídas | G3: % execução média | H3: Contribuição para o total
A4: E1 | B4: Modelação da solução | C4: 46310 | D4: 0.2 | E4: =COUNTIF(Tarefas!$B$5:$B$40,A4) -> 10 | F4: =COUNTIFS(Tarefas!$B$5:$B$40,A4,Tarefas!$I$5:$I$40,">=1") -> 3 | G4: =IFERROR(AVERAGEIF(Tarefas!$B$5:$B$40,A4,Tarefas!$I$5:$I$40),0) -> 0.77 | H4: =IF(ISNUMBER(D4),D4*G4,"—") -> 0.154
A5: E2 | B5: Implementação das classes | C5: 46331 | D5: 0.2 | E5: =COUNTIF(Tarefas!$B$5:$B$40,A5) -> 8 | F5: =COUNTIFS(Tarefas!$B$5:$B$40,A5,Tarefas!$I$5:$I$40,">=1") -> 0 | G5: =IFERROR(AVERAGEIF(Tarefas!$B$5:$B$40,A5,Tarefas!$I$5:$I$40),0) -> 0 | H5: =IF(ISNUMBER(D5),D5*G5,"—") -> 0
A6: E3 | B6: Desenvolvimento da solução | C6: 46365 | D6: 0.4 | E6: =COUNTIF(Tarefas!$B$5:$B$40,A6) -> 11 | F6: =COUNTIFS(Tarefas!$B$5:$B$40,A6,Tarefas!$I$5:$I$40,">=1") -> 0 | G6: =IFERROR(AVERAGEIF(Tarefas!$B$5:$B$40,A6,Tarefas!$I$5:$I$40),0) -> 0 | H6: =IF(ISNUMBER(D6),D6*G6,"—") -> 0
A7: E4 | B7: Documentação da solução | C7: 46377 | D7: 0.2 | E7: =COUNTIF(Tarefas!$B$5:$B$40,A7) -> 5 | F7: =COUNTIFS(Tarefas!$B$5:$B$40,A7,Tarefas!$I$5:$I$40,">=1") -> 0 | G7: =IFERROR(AVERAGEIF(Tarefas!$B$5:$B$40,A7,Tarefas!$I$5:$I$40),0) -> 0 | H7: =IF(ISNUMBER(D7),D7*G7,"—") -> 0
A8: E5 | B8: Entrega completa (revisão final) | C8: 46379 | D8: — | E8: =COUNTIF(Tarefas!$B$5:$B$40,A8) -> 2 | F8: =COUNTIFS(Tarefas!$B$5:$B$40,A8,Tarefas!$I$5:$I$40,">=1") -> 0 | G8: =IFERROR(AVERAGEIF(Tarefas!$B$5:$B$40,A8,Tarefas!$I$5:$I$40),0) -> 0 | H8: =IF(ISNUMBER(D8),D8*G8,"—") -> —
A9: Total | D9: =SUM(D4:D7) -> 1 | E9: =SUM(E4:E8) -> 36 | F9: =SUM(F4:F8) -> 3 | G9: =IFERROR(AVERAGE(Tarefas!$I$5:$I$40),0) -> 0.21388889 | H9: =SUM(H4:H7) -> 0.154
A11: Notas:
A12: • Prazos e pesos (E1 20%, E2 20%, E3 40%, E4 20%) retirados do enunciado do projeto (versão 1, 2026-09-24). A Entrega 5 é a entrega completa e não tem peso próprio.
A13: • «Contribuição para o total» = peso × % de execução média; o total é uma estimativa do progresso global do projeto.
A14: • Carga por elemento do grupo (nº de tarefas e % média, sem contar tarefas «Todos»):
B15: Dinis Alves | E15: =COUNTIF(Tarefas!$D$5:$D$40,B15) -> 9 | G15: =IFERROR(AVERAGEIF(Tarefas!$D$5:$D$40,B15,Tarefas!$I$5:$I$40),0) -> 0.17777778
B16: João Silva | E16: =COUNTIF(Tarefas!$D$5:$D$40,B16) -> 11 | G16: =IFERROR(AVERAGEIF(Tarefas!$D$5:$D$40,B16,Tarefas!$I$5:$I$40),0) -> 0.25454545
B17: Lara Pereira | E17: =COUNTIF(Tarefas!$D$5:$D$40,B17) -> 11 | G17: =IFERROR(AVERAGEIF(Tarefas!$D$5:$D$40,B17,Tarefas!$I$5:$I$40),0) -> 0.20909091

Sheet Registo semanal
A1: Registo semanal do progresso (preenchido por um elemento do grupo, por semana)
A3: Semana | B3: Data do registo | C3: Reportado por | D3: O que foi feito | E3: Problemas / bloqueios | F3: Próximos passos | G3: % global (Resumo)
A4: 1 | B4: 46303 | C4: Lara Pereira | D4: Repositório criado; rascunho dos casos de uso, protótipos e diagramas UML (casos de uso, classes, sequência). | E4: Confirmar que os docentes e todos os membros foram adicionados ao repositório. | F4: Revisão cruzada do grupo e submissão da Entrega 1 (15/10). | G4: ='Resumo por entrega'!G9 -> 0.21388889
A5: 2 | B5: 46310
A6: 3 | B6: 46317
A7: 4 | B7: 46324
A8: 5 | B8: 46331
A9: 6 | B9: 46338
A10: 7 | B10: 46345
A11: 8 | B11: 46352
A12: 9 | B12: 46359
A13: 10 | B13: 46366
A14: 11 | B14: 46373
A16: Nota: a coluna «% global» da semana 1 é calculada; para as semanas seguintes copie o valor de 'Resumo por entrega'!G9 (como valor) no dia do registo, para manter o histórico.
A17: As datas das semanas 2 a 11 são sugestões (de 7 em 7 dias) e podem ser alteradas.

Sheet Legenda
A1: Como usar este ficheiro
A2: 1. | B2: Na folha «Tarefas», atualize a coluna «% execução» (0% a 100%), a «Fim real» e as «Notas». O «Estado» calcula-se sozinho.
A3: 2. | B3: Todos os elementos contribuem para todas as tarefas: a coluna «Responsável» indica quem coordena a tarefa e «Colaboradores» os restantes elementos.
A4: 3. | B4: Semanalmente, um elemento do grupo preenche uma linha em «Registo semanal».
A5: 4. | B5: A folha «Resumo por entrega» calcula-se automaticamente a partir das tarefas.
A6: 5. | B6: A atribuição de responsáveis e as datas previstas são uma proposta inicial: ajustem-nas em grupo.
A7: 6. | B7: Os valores de % da Entrega 1 refletem rascunhos já preparados e ainda por rever; o repositório foi criado a 2026-10-07 (data dos ficheiros do clone).
